[{"model": "master.pandhitcount", "pk": 1, "fields": {"pand": 1, "ip": "127.0.0.1", "unieke_bezoekers": 1, "aantal": 212}}, {"model": "master.pandhitcount", "pk": 2, "fields": {"pand": 2, "ip": "127.0.0.1", "unieke_bezoekers": 1, "aantal": 117}}, {"model": "master.pandhitcount", "pk": 3, "fields": {"pand": 3, "ip": "127.0.0.1", "unieke_bezoekers": 1, "aantal": 6}}, {"model": "master.pandhitcount", "pk": 4, "fields": {"pand": 4, "ip": "127.0.0.1", "unieke_bezoekers": 0, "aantal": 3}}, {"model": "master.typehuis", "pk": 1, "fields": {"naam": "Loft"}}, {"model": "master.typehuis", "pk": 2, "fields": {"naam": "Huis"}}, {"model": "master.typehuis", "pk": 3, "fields": {"naam": "Appartement"}}, {"model": "master.fase", "pk": 1, "fields": {"naam": "Verkoopsfase"}}, {"model": "master.status", "pk": 1, "fields": {"naam": "TE KOOP"}}, {"model": "master.status", "pk": 2, "fields": {"naam": "TE HUUR"}}, {"model": "master.image", "pk": 1, "fields": {"file": "media/03bb.jpg", "pand": 1}}, {"model": "master.image", "pk": 2, "fields": {"file": "media/386d.jpg", "pand": 1}}, {"model": "master.image", "pk": 3, "fields": {"file": "media/2d52.jpg", "pand": 1}}, {"model": "master.image", "pk": 4, "fields": {"file": "media/3406.jpg", "pand": 1}}, {"model": "master.image", "pk": 5, "fields": {"file": "media/2d52_LAsCJPQ.jpg", "pand": 2}}, {"model": "master.image", "pk": 6, "fields": {"file": "media/386d_nvk6iJ5.jpg", "pand": 2}}, {"model": "master.image", "pk": 7, "fields": {"file": "media/3406_EyC0Rut.jpg", "pand": 2}}, {"model": "master.image", "pk": 8, "fields": {"file": "media/386d_o0xmOl5.jpg", "pand": 3}}, {"model": "master.image", "pk": 9, "fields": {"file": "media/2d52_X1JUcHh.jpg", "pand": 3}}, {"model": "master.image", "pk": 10, "fields": {"file": "media/386d_IOTT6ya.jpg", "pand": 4}}, {"model": "master.criteria", "pk": 1, "fields": {"naam": "Verdieping"}}, {"model": "master.criteria", "pk": 2, "fields": {"naam": "Slaapkamers"}}, {"model": "master.criteria", "pk": 3, "fields": {"naam": "Badkamers"}}, {"model": "master.criteria", "pk": 4, "fields": {"naam": "Garages"}}, {"model": "master.criteria", "pk": 5, "fields": {"naam": "Bebouwing"}}, {"model": "master.criteria", "pk": 6, "fields": {"naam": "Buitenstaanplaats"}}, {"model": "master.pandcriteria", "pk": 1, "fields": {"pand": 1, "criteria": 1, "aantal": 1}}, {"model": "master.pandcriteria", "pk": 2, "fields": {"pand": 1, "criteria": 2, "aantal": 2}}, {"model": "master.pandcriteria", "pk": 3, "fields": {"pand": 1, "criteria": 3, "aantal": 1}}, {"model": "master.pandcriteria", "pk": 4, "fields": {"pand": 1, "criteria": 4, "aantal": 1}}, {"model": "master.pandcriteria", "pk": 5, "fields": {"pand": 1, "criteria": 6, "aantal": 1}}, {"model": "master.pandcriteria", "pk": 6, "fields": {"pand": 2, "criteria": 2, "aantal": 5}}, {"model": "master.pandcriteria", "pk": 7, "fields": {"pand": 2, "criteria": 1, "aantal": 2}}, {"model": "master.pandcriteria", "pk": 8, "fields": {"pand": 2, "criteria": 3, "aantal": 2}}, {"model": "master.pandcriteria", "pk": 9, "fields": {"pand": 2, "criteria": 4, "aantal": 2}}, {"model": "master.pandcriteria", "pk": 10, "fields": {"pand": 2, "criteria": 6, "aantal": 4}}, {"model": "master.pandcriteria", "pk": 11, "fields": {"pand": 3, "criteria": 1, "aantal": 3}}, {"model": "master.pandcriteria", "pk": 12, "fields": {"pand": 3, "criteria": 2, "aantal": 5}}, {"model": "master.pandcriteria", "pk": 13, "fields": {"pand": 3, "criteria": 3, "aantal": 1}}, {"model": "master.pandcriteria", "pk": 14, "fields": {"pand": 4, "criteria": 1, "aantal": 2}}, {"model": "master.pandcriteria", "pk": 15, "fields": {"pand": 4, "criteria": 2, "aantal": 10}}, {"model": "master.pandcriteria", "pk": 16, "fields": {"pand": 4, "criteria": 3, "aantal": 2}}, {"model": "master.eigenschap", "pk": 1, "fields": {"naam": "Bewoonbare opp"}}, {"model": "master.eigenschap", "pk": 2, "fields": {"naam": "Grondopp"}}, {"model": "master.eigenschap", "pk": 3, "fields": {"naam": "Woongedeelte"}}, {"model": "master.pandeigenschap", "pk": 1, "fields": {"pand": 1, "eigenschap": 1, "oppervlakte": "0", "eenheid": "M"}}, {"model": "master.pandeigenschap", "pk": 2, "fields": {"pand": 1, "eigenschap": 2, "oppervlakte": "0", "eenheid": "M"}}, {"model": "master.pandeigenschap", "pk": 3, "fields": {"pand": 1, "eigenschap": 3, "oppervlakte": "0", "eenheid": "M"}}, {"model": "master.pandeigenschap", "pk": 4, "fields": {"pand": 2, "eigenschap": 1, "oppervlakte": "0", "eenheid": "M"}}, {"model": "master.pandeigenschap", "pk": 5, "fields": {"pand": 2, "eigenschap": 2, "oppervlakte": "0", "eenheid": "M"}}, {"model": "master.pandeigenschap", "pk": 6, "fields": {"pand": 2, "eigenschap": 3, "oppervlakte": "0", "eenheid": "M"}}, {"model": "master.pandeigenschap", "pk": 7, "fields": {"pand": 3, "eigenschap": 1, "oppervlakte": "0", "eenheid": "M"}}, {"model": "master.pandeigenschap", "pk": 8, "fields": {"pand": 3, "eigenschap": 2, "oppervlakte": "0", "eenheid": "M"}}, {"model": "master.pandeigenschap", "pk": 9, "fields": {"pand": 3, "eigenschap": 3, "oppervlakte": "0", "eenheid": "M"}}, {"model": "master.pandeigenschap", "pk": 10, "fields": {"pand": 4, "eigenschap": 1, "oppervlakte": "0", "eenheid": "M"}}, {"model": "master.pandeigenschap", "pk": 11, "fields": {"pand": 4, "eigenschap": 2, "oppervlakte": "0", "eenheid": "M"}}, {"model": "master.pandeigenschap", "pk": 12, "fields": {"pand": 4, "eigenschap": 3, "oppervlakte": "100", "eenheid": "M"}}, {"model": "master.verbruikstype", "pk": 1, "fields": {"naam": "Elektrisch accumulatieverwarming"}}, {"model": "master.pandverbruikstype", "pk": 1, "fields": {"pand": 1, "verbruik": 1}}, {"model": "master.pandverbruikstype", "pk": 2, "fields": {"pand": 2, "verbruik": 1}}, {"model": "master.pandverbruikstype", "pk": 3, "fields": {"pand": 3, "verbruik": 1}}, {"model": "master.pandverbruikstype", "pk": 4, "fields": {"pand": 4, "verbruik": 1}}, {"model": "master.wettelijk", "pk": 1, "fields": {"naam": "Unieke code"}}, {"model": "master.pandwettelijk", "pk": 1, "fields": {"pand": 1, "wettelijk": 1, "oppervlakte": "885.00", "eenheid": "kWh/m\u00b2", "jaartal": "2017-04-07"}}, {"model": "master.pandwettelijk", "pk": 2, "fields": {"pand": 2, "wettelijk": 1, "oppervlakte": "885.00", "eenheid": "M", "jaartal": "2016-05-11"}}, {"model": "master.pandwettelijk", "pk": 3, "fields": {"pand": 3, "wettelijk": 1, "oppervlakte": "882.00", "eenheid": "M", "jaartal": "2017-01-19"}}, {"model": "master.pandwettelijk", "pk": 4, "fields": {"pand": 4, "wettelijk": 1, "oppervlakte": "880.00", "eenheid": "M", "jaartal": "2017-10-20"}}, {"model": "master.review", "pk": 1, "fields": {"review_naam": "Amara Kromah", "review_text": "Dit is een prachtig pand! Voor nieuwe gezinnen is dit zeker aan te raden, ben zelf een kijkje gaan nemen en moet zeggen dat het de moeite waard was!"}}, {"model": "master.pandreview", "pk": 1, "fields": {"pand": 1, "review": 1}}, {"model": "master.pandreview", "pk": 2, "fields": {"pand": 2, "review": 1}}, {"model": "master.pandreview", "pk": 3, "fields": {"pand": 3, "review": 1}}, {"model": "master.pandreview", "pk": 4, "fields": {"pand": 4, "review": 1}}, {"model": "master.bezichtiging", "pk": 1, "fields": {"voornaam_bezoeker": "Sami", "achternaam_bezoeker": "Chkhachkhi"}}, {"model": "master.pandbezichtiging", "pk": 1, "fields": {"pand": 1, "bezichtiging": 1, "datum": "2016-05-15"}}, {"model": "master.pandbezichtiging", "pk": 2, "fields": {"pand": 1, "bezichtiging": 1, "datum": "2016-05-16"}}, {"model": "contenttypes.contenttype", "pk": 1, "fields": {"app_label": "master", "model": "pandhitcount"}}, {"model": "contenttypes.contenttype", "pk": 2, "fields": {"app_label": "master", "model": "userprofile"}}, {"model": "contenttypes.contenttype", "pk": 3, "fields": {"app_label": "master", "model": "typehuis"}}, {"model": "contenttypes.contenttype", "pk": 4, "fields": {"app_label": "master", "model": "fase"}}, {"model": "contenttypes.contenttype", "pk": 5, "fields": {"app_label": "master", "model": "status"}}, {"model": "contenttypes.contenttype", "pk": 6, "fields": {"app_label": "master", "model": "pand"}}, {"model": "contenttypes.contenttype", "pk": 7, "fields": {"app_label": "master", "model": "image"}}, {"model": "contenttypes.contenttype", "pk": 8, "fields": {"app_label": "master", "model": "criteria"}}, {"model": "contenttypes.contenttype", "pk": 9, "fields": {"app_label": "master", "model": "pandcriteria"}}, {"model": "contenttypes.contenttype", "pk": 10, "fields": {"app_label": "master", "model": "eigenschap"}}, {"model": "contenttypes.contenttype", "pk": 11, "fields": {"app_label": "master", "model": "pandeigenschap"}}, {"model": "contenttypes.contenttype", "pk": 12, "fields": {"app_label": "master", "model": "verbruikstype"}}, {"model": "contenttypes.contenttype", "pk": 13, "fields": {"app_label": "master", "model": "pandverbruikstype"}}, {"model": "contenttypes.contenttype", "pk": 14, "fields": {"app_label": "master", "model": "wettelijk"}}, {"model": "contenttypes.contenttype", "pk": 15, "fields": {"app_label": "master", "model": "pandwettelijk"}}, {"model": "contenttypes.contenttype", "pk": 16, "fields": {"app_label": "master", "model": "review"}}, {"model": "contenttypes.contenttype", "pk": 17, "fields": {"app_label": "master", "model": "pandreview"}}, {"model": "contenttypes.contenttype", "pk": 18, "fields": {"app_label": "master", "model": "bezichtiging"}}, {"model": "contenttypes.contenttype", "pk": 19, "fields": {"app_label": "master", "model": "pandbezichtiging"}}, {"model": "contenttypes.contenttype", "pk": 20, "fields": {"app_label": "master", "model": "supportticket"}}, {"model": "contenttypes.contenttype", "pk": 21, "fields": {"app_label": "admin", "model": "logentry"}}, {"model": "contenttypes.contenttype", "pk": 22, "fields": {"app_label": "auth", "model": "permission"}}, {"model": "contenttypes.contenttype", "pk": 23, "fields": {"app_label": "auth", "model": "group"}}, {"model": "contenttypes.contenttype", "pk": 24, "fields": {"app_label": "auth", "model": "user"}}, {"model": "contenttypes.contenttype", "pk": 25, "fields": {"app_label": "contenttypes", "model": "contenttype"}}, {"model": "contenttypes.contenttype", "pk": 26, "fields": {"app_label": "sessions", "model": "session"}}, {"model": "contenttypes.contenttype", "pk": 28, "fields": {"app_label": "master", "model": "pandfavoriet"}}, {"model": "sessions.session", "pk": "g4d5hhhyczxh9rghf1h2f9ngyjfv34iq", "fields": {"session_data": "ZTJiNDJkZGNiMmI4YzgyNGUwM2ZmMWIyNzA4MDJkMTIyYWUwZTgyNzp7Il9hdXRoX3VzZXJfaGFzaCI6IjE0NTdlMWMwN2JiM2I5ZWIyNDA3Y2MwZDRiY2MwNTBkNjIzZmVlZTgiLCJfYXV0aF91c2VyX2JhY2tlbmQiOiJkamFuZ28uY29udHJpYi5hdXRoLmJhY2tlbmRzLk1vZGVsQmFja2VuZCIsIl9hdXRoX3VzZXJfaWQiOiIxIn0=", "expire_date": "2016-06-03T09:08:00Z"}}, {"model": "sessions.session", "pk": "s74319lgyytzxswzv38hdqlhwsp1u823", "fields": {"session_data": "ZTJiNDJkZGNiMmI4YzgyNGUwM2ZmMWIyNzA4MDJkMTIyYWUwZTgyNzp7Il9hdXRoX3VzZXJfaGFzaCI6IjE0NTdlMWMwN2JiM2I5ZWIyNDA3Y2MwZDRiY2MwNTBkNjIzZmVlZTgiLCJfYXV0aF91c2VyX2JhY2tlbmQiOiJkamFuZ28uY29udHJpYi5hdXRoLmJhY2tlbmRzLk1vZGVsQmFja2VuZCIsIl9hdXRoX3VzZXJfaWQiOiIxIn0=", "expire_date": "2016-06-02T13:10:11Z"}}, {"model": "sessions.session", "pk": "y09hxee7t9zugl33fws6nnwqiq6p1fba", "fields": {"session_data": "ZTJiNDJkZGNiMmI4YzgyNGUwM2ZmMWIyNzA4MDJkMTIyYWUwZTgyNzp7Il9hdXRoX3VzZXJfaGFzaCI6IjE0NTdlMWMwN2JiM2I5ZWIyNDA3Y2MwZDRiY2MwNTBkNjIzZmVlZTgiLCJfYXV0aF91c2VyX2JhY2tlbmQiOiJkamFuZ28uY29udHJpYi5hdXRoLmJhY2tlbmRzLk1vZGVsQmFja2VuZCIsIl9hdXRoX3VzZXJfaWQiOiIxIn0=", "expire_date": "2016-05-24T17:54:18Z"}}, {"model": "auth.permission", "pk": 1, "fields": {"name": "Can add pand hit count", "content_type": 1, "codename": "add_pandhitcount"}}, {"model": "auth.permission", "pk": 2, "fields": {"name": "Can change pand hit count", "content_type": 1, "codename": "change_pandhitcount"}}, {"model": "auth.permission", "pk": 3, "fields": {"name": "Can delete pand hit count", "content_type": 1, "codename": "delete_pandhitcount"}}, {"model": "auth.permission", "pk": 4, "fields": {"name": "Can add user profile", "content_type": 2, "codename": "add_userprofile"}}, {"model": "auth.permission", "pk": 5, "fields": {"name": "Can change user profile", "content_type": 2, "codename": "change_userprofile"}}, {"model": "auth.permission", "pk": 6, "fields": {"name": "Can delete user profile", "content_type": 2, "codename": "delete_userprofile"}}, {"model": "auth.permission", "pk": 7, "fields": {"name": "Can add type huis", "content_type": 3, "codename": "add_typehuis"}}, {"model": "auth.permission", "pk": 8, "fields": {"name": "Can change type huis", "content_type": 3, "codename": "change_typehuis"}}, {"model": "auth.permission", "pk": 9, "fields": {"name": "Can delete type huis", "content_type": 3, "codename": "delete_typehuis"}}, {"model": "auth.permission", "pk": 10, "fields": {"name": "Can add fase", "content_type": 4, "codename": "add_fase"}}, {"model": "auth.permission", "pk": 11, "fields": {"name": "Can change fase", "content_type": 4, "codename": "change_fase"}}, {"model": "auth.permission", "pk": 12, "fields": {"name": "Can delete fase", "content_type": 4, "codename": "delete_fase"}}, {"model": "auth.permission", "pk": 13, "fields": {"name": "Can add status", "content_type": 5, "codename": "add_status"}}, {"model": "auth.permission", "pk": 14, "fields": {"name": "Can change status", "content_type": 5, "codename": "change_status"}}, {"model": "auth.permission", "pk": 15, "fields": {"name": "Can delete status", "content_type": 5, "codename": "delete_status"}}, {"model": "auth.permission", "pk": 16, "fields": {"name": "Can add pand", "content_type": 6, "codename": "add_pand"}}, {"model": "auth.permission", "pk": 17, "fields": {"name": "Can change pand", "content_type": 6, "codename": "change_pand"}}, {"model": "auth.permission", "pk": 18, "fields": {"name": "Can delete pand", "content_type": 6, "codename": "delete_pand"}}, {"model": "auth.permission", "pk": 19, "fields": {"name": "Can add image", "content_type": 7, "codename": "add_image"}}, {"model": "auth.permission", "pk": 20, "fields": {"name": "Can change image", "content_type": 7, "codename": "change_image"}}, {"model": "auth.permission", "pk": 21, "fields": {"name": "Can delete image", "content_type": 7, "codename": "delete_image"}}, {"model": "auth.permission", "pk": 22, "fields": {"name": "Can add criteria", "content_type": 8, "codename": "add_criteria"}}, {"model": "auth.permission", "pk": 23, "fields": {"name": "Can change criteria", "content_type": 8, "codename": "change_criteria"}}, {"model": "auth.permission", "pk": 24, "fields": {"name": "Can delete criteria", "content_type": 8, "codename": "delete_criteria"}}, {"model": "auth.permission", "pk": 25, "fields": {"name": "Can add pand criteria", "content_type": 9, "codename": "add_pandcriteria"}}, {"model": "auth.permission", "pk": 26, "fields": {"name": "Can change pand criteria", "content_type": 9, "codename": "change_pandcriteria"}}, {"model": "auth.permission", "pk": 27, "fields": {"name": "Can delete pand criteria", "content_type": 9, "codename": "delete_pandcriteria"}}, {"model": "auth.permission", "pk": 28, "fields": {"name": "Can add eigenschap", "content_type": 10, "codename": "add_eigenschap"}}, {"model": "auth.permission", "pk": 29, "fields": {"name": "Can change eigenschap", "content_type": 10, "codename": "change_eigenschap"}}, {"model": "auth.permission", "pk": 30, "fields": {"name": "Can delete eigenschap", "content_type": 10, "codename": "delete_eigenschap"}}, {"model": "auth.permission", "pk": 31, "fields": {"name": "Can add pand eigenschap", "content_type": 11, "codename": "add_pandeigenschap"}}, {"model": "auth.permission", "pk": 32, "fields": {"name": "Can change pand eigenschap", "content_type": 11, "codename": "change_pandeigenschap"}}, {"model": "auth.permission", "pk": 33, "fields": {"name": "Can delete pand eigenschap", "content_type": 11, "codename": "delete_pandeigenschap"}}, {"model": "auth.permission", "pk": 34, "fields": {"name": "Can add verbruiks type", "content_type": 12, "codename": "add_verbruikstype"}}, {"model": "auth.permission", "pk": 35, "fields": {"name": "Can change verbruiks type", "content_type": 12, "codename": "change_verbruikstype"}}, {"model": "auth.permission", "pk": 36, "fields": {"name": "Can delete verbruiks type", "content_type": 12, "codename": "delete_verbruikstype"}}, {"model": "auth.permission", "pk": 37, "fields": {"name": "Can add pand verbruiks type", "content_type": 13, "codename": "add_pandverbruikstype"}}, {"model": "auth.permission", "pk": 38, "fields": {"name": "Can change pand verbruiks type", "content_type": 13, "codename": "change_pandverbruikstype"}}, {"model": "auth.permission", "pk": 39, "fields": {"name": "Can delete pand verbruiks type", "content_type": 13, "codename": "delete_pandverbruikstype"}}, {"model": "auth.permission", "pk": 40, "fields": {"name": "Can add wettelijke informatie", "content_type": 14, "codename": "add_wettelijk"}}, {"model": "auth.permission", "pk": 41, "fields": {"name": "Can change wettelijke informatie", "content_type": 14, "codename": "change_wettelijk"}}, {"model": "auth.permission", "pk": 42, "fields": {"name": "Can delete wettelijke informatie", "content_type": 14, "codename": "delete_wettelijk"}}, {"model": "auth.permission", "pk": 43, "fields": {"name": "Can add pand wettelijk", "content_type": 15, "codename": "add_pandwettelijk"}}, {"model": "auth.permission", "pk": 44, "fields": {"name": "Can change pand wettelijk", "content_type": 15, "codename": "change_pandwettelijk"}}, {"model": "auth.permission", "pk": 45, "fields": {"name": "Can delete pand wettelijk", "content_type": 15, "codename": "delete_pandwettelijk"}}, {"model": "auth.permission", "pk": 46, "fields": {"name": "Can add review", "content_type": 16, "codename": "add_review"}}, {"model": "auth.permission", "pk": 47, "fields": {"name": "Can change review", "content_type": 16, "codename": "change_review"}}, {"model": "auth.permission", "pk": 48, "fields": {"name": "Can delete review", "content_type": 16, "codename": "delete_review"}}, {"model": "auth.permission", "pk": 49, "fields": {"name": "Can add pand review", "content_type": 17, "codename": "add_pandreview"}}, {"model": "auth.permission", "pk": 50, "fields": {"name": "Can change pand review", "content_type": 17, "codename": "change_pandreview"}}, {"model": "auth.permission", "pk": 51, "fields": {"name": "Can delete pand review", "content_type": 17, "codename": "delete_pandreview"}}, {"model": "auth.permission", "pk": 52, "fields": {"name": "Can add bezichtiging", "content_type": 18, "codename": "add_bezichtiging"}}, {"model": "auth.permission", "pk": 53, "fields": {"name": "Can change bezichtiging", "content_type": 18, "codename": "change_bezichtiging"}}, {"model": "auth.permission", "pk": 54, "fields": {"name": "Can delete bezichtiging", "content_type": 18, "codename": "delete_bezichtiging"}}, {"model": "auth.permission", "pk": 55, "fields": {"name": "Can add pand bezichtiging", "content_type": 19, "codename": "add_pandbezichtiging"}}, {"model": "auth.permission", "pk": 56, "fields": {"name": "Can change pand bezichtiging", "content_type": 19, "codename": "change_pandbezichtiging"}}, {"model": "auth.permission", "pk": 57, "fields": {"name": "Can delete pand bezichtiging", "content_type": 19, "codename": "delete_pandbezichtiging"}}, {"model": "auth.permission", "pk": 58, "fields": {"name": "Can add supportticket", "content_type": 20, "codename": "add_supportticket"}}, {"model": "auth.permission", "pk": 59, "fields": {"name": "Can change supportticket", "content_type": 20, "codename": "change_supportticket"}}, {"model": "auth.permission", "pk": 60, "fields": {"name": "Can delete supportticket", "content_type": 20, "codename": "delete_supportticket"}}, {"model": "auth.permission", "pk": 61, "fields": {"name": "Can add log entry", "content_type": 21, "codename": "add_logentry"}}, {"model": "auth.permission", "pk": 62, "fields": {"name": "Can change log entry", "content_type": 21, "codename": "change_logentry"}}, {"model": "auth.permission", "pk": 63, "fields": {"name": "Can delete log entry", "content_type": 21, "codename": "delete_logentry"}}, {"model": "auth.permission", "pk": 64, "fields": {"name": "Can add permission", "content_type": 22, "codename": "add_permission"}}, {"model": "auth.permission", "pk": 65, "fields": {"name": "Can change permission", "content_type": 22, "codename": "change_permission"}}, {"model": "auth.permission", "pk": 66, "fields": {"name": "Can delete permission", "content_type": 22, "codename": "delete_permission"}}, {"model": "auth.permission", "pk": 67, "fields": {"name": "Can add group", "content_type": 23, "codename": "add_group"}}, {"model": "auth.permission", "pk": 68, "fields": {"name": "Can change group", "content_type": 23, "codename": "change_group"}}, {"model": "auth.permission", "pk": 69, "fields": {"name": "Can delete group", "content_type": 23, "codename": "delete_group"}}, {"model": "auth.permission", "pk": 70, "fields": {"name": "Can add user", "content_type": 24, "codename": "add_user"}}, {"model": "auth.permission", "pk": 71, "fields": {"name": "Can change user", "content_type": 24, "codename": "change_user"}}, {"model": "auth.permission", "pk": 72, "fields": {"name": "Can delete user", "content_type": 24, "codename": "delete_user"}}, {"model": "auth.permission", "pk": 73, "fields": {"name": "Can add content type", "content_type": 25, "codename": "add_contenttype"}}, {"model": "auth.permission", "pk": 74, "fields": {"name": "Can change content type", "content_type": 25, "codename": "change_contenttype"}}, {"model": "auth.permission", "pk": 75, "fields": {"name": "Can delete content type", "content_type": 25, "codename": "delete_contenttype"}}, {"model": "auth.permission", "pk": 76, "fields": {"name": "Can add session", "content_type": 26, "codename": "add_session"}}, {"model": "auth.permission", "pk": 77, "fields": {"name": "Can change session", "content_type": 26, "codename": "change_session"}}, {"model": "auth.permission", "pk": 78, "fields": {"name": "Can delete session", "content_type": 26, "codename": "delete_session"}}, {"model": "auth.permission", "pk": 82, "fields": {"name": "Can add pand favoriet", "content_type": 28, "codename": "add_pandfavoriet"}}, {"model": "auth.permission", "pk": 83, "fields": {"name": "Can change pand favoriet", "content_type": 28, "codename": "change_pandfavoriet"}}, {"model": "auth.permission", "pk": 84, "fields": {"name": "Can delete pand favoriet", "content_type": 28, "codename": "delete_pandfavoriet"}}, {"model": "auth.user", "pk": 1, "fields": {"password": "pbkdf2_sha256$24000$7lItMgfwBRQz$pNa92GKQ5wXcNDI4iwwnCytrju/l1HPWVnFm3qa6hRE=", "last_login": "2016-05-20T09:08:00Z", "is_superuser": true, "username": "admin", "first_name": "", "last_name": "", "email": "admin@example.com", "is_staff": true, "is_active": true, "date_joined": "2016-05-10T17:54:10Z", "groups": [], "user_permissions": []}}, {"model": "admin.logentry", "pk": 1, "fields": {"action_time": "2016-05-10T17:55:21Z", "user": 1, "content_type": 5, "object_id": "1", "object_repr": "TE KOOP", "action_flag": 1, "change_message": "Added."}}, {"model": "admin.logentry", "pk": 2, "fields": {"action_time": "2016-05-10T17:55:36Z", "user": 1, "content_type": 3, "object_id": "1", "object_repr": "Loft", "action_flag": 1, "change_message": "Added."}}, {"model": "admin.logentry", "pk": 3, "fields": {"action_time": "2016-05-10T17:55:45Z", "user": 1, "content_type": 4, "object_id": "1", "object_repr": "Verkoopsfase", "action_flag": 1, "change_message": "Added."}}, {"model": "admin.logentry", "pk": 4, "fields": {"action_time": "2016-05-10T18:00:03Z", "user": 1, "content_type": 8, "object_id": "1", "object_repr": "Verdieping", "action_flag": 1, "change_message": "Added."}}, {"model": "admin.logentry", "pk": 5, "fields": {"action_time": "2016-05-10T18:00:13Z", "user": 1, "content_type": 8, "object_id": "2", "object_repr": "Slaapkamers", "action_flag": 1, "change_message": "Added."}}, {"model": "admin.logentry", "pk": 6, "fields": {"action_time": "2016-05-10T18:00:22Z", "user": 1, "content_type": 8, "object_id": "3", "object_repr": "Badkamers", "action_flag": 1, "change_message": "Added."}}, {"model": "admin.logentry", "pk": 7, "fields": {"action_time": "2016-05-10T18:00:40Z", "user": 1, "content_type": 8, "object_id": "4", "object_repr": "Garages", "action_flag": 1, "change_message": "Added."}}, {"model": "admin.logentry", "pk": 8, "fields": {"action_time": "2016-05-10T18:01:02Z", "user": 1, "content_type": 8, "object_id": "5", "object_repr": "Bebouwing", "action_flag": 1, "change_message": "Added."}}, {"model": "admin.logentry", "pk": 9, "fields": {"action_time": "2016-05-10T18:01:26Z", "user": 1, "content_type": 8, "object_id": "6", "object_repr": "Buitenstaanplaats", "action_flag": 1, "change_message": "Added."}}, {"model": "admin.logentry", "pk": 10, "fields": {"action_time": "2016-05-10T18:02:02Z", "user": 1, "content_type": 10, "object_id": "1", "object_repr": "Bewoonbare opp", "action_flag": 1, "change_message": "Added."}}, {"model": "admin.logentry", "pk": 11, "fields": {"action_time": "2016-05-10T18:02:19Z", "user": 1, "content_type": 10, "object_id": "2", "object_repr": "Grondopp", "action_flag": 1, "change_message": "Added."}}, {"model": "admin.logentry", "pk": 12, "fields": {"action_time": "2016-05-10T18:02:55Z", "user": 1, "content_type": 10, "object_id": "3", "object_repr": "Woongedeelte", "action_flag": 1, "change_message": "Added."}}, {"model": "admin.logentry", "pk": 13, "fields": {"action_time": "2016-05-10T18:04:01Z", "user": 1, "content_type": 12, "object_id": "1", "object_repr": "Elektrisch accumulatieverwarming", "action_flag": 1, "change_message": "Added."}}, {"model": "admin.logentry", "pk": 14, "fields": {"action_time": "2016-05-10T18:05:27Z", "user": 1, "content_type": 14, "object_id": "1", "object_repr": "Unieke code", "action_flag": 1, "change_message": "Added."}}, {"model": "admin.logentry", "pk": 15, "fields": {"action_time": "2016-05-10T18:06:57Z", "user": 1, "content_type": 16, "object_id": "1", "object_repr": "Dit is een prachtig pand! Voor nieuwe gezinnen is dit zeker aan te raden, ben zelf een kijkje gaan nemen en moet zeggen dat het de moeite waard was! |review door: Amara Kromah", "action_flag": 1, "change_message": "Added."}}, {"model": "admin.logentry", "pk": 16, "fields": {"action_time": "2016-05-10T18:08:12Z", "user": 1, "content_type": 6, "object_id": "1", "object_repr": "Jan Baptist Davidstraat 2 Boom 2850<img src=\"media/197c.jpg\"/>", "action_flag": 1, "change_message": "Added. Added image \"/media_cdn/media/03bb.jpg\". Added image \"/media_cdn/media/386d.jpg\". Added image \"/media_cdn/media/2d52.jpg\". Added image \"/media_cdn/media/3406.jpg\". Added pand criteria \"Verdieping\". Added pand criteria \"Slaapkamers\". Added pand criteria \"Badkamers\". Added pand criteria \"Garages\". Added pand criteria \"Buitenstaanplaats\". Added pand eigenschap \"Jan Baptist Davidstraat 2 Boom 2850<img src=\"media/197c.jpg\"/> Bewoonbare opp\". Added pand eigenschap \"Jan Baptist Davidstraat 2 Boom 2850<img src=\"media/197c.jpg\"/> Grondopp\". Added pand eigenschap \"Jan Baptist Davidstraat 2 Boom 2850<img src=\"media/197c.jpg\"/> Woongedeelte\". Added pand verbruiks type \"Jan Baptist Davidstraat 2 Boom 2850<img src=\"media/197c.jpg\"/> met energievorm Elektrisch accumulatieverwarming\". Added pand wettelijk \"Jan Baptist Davidstraat 2 Boom 2850<img src=\"media/197c.jpg\"/> Unieke code 2017-04-07\". Added pand review \"Jan Baptist Davidstraat 2 Boom 2850<img src=\"media/197c.jpg\"/> Dit is een prachtig pand! Voor nieuwe gezinnen is dit zeker aan te raden, ben zelf een kijkje gaan nemen en moet zeggen dat het de moeite waard was! |review door: Amara Kromah\"."}}, {"model": "admin.logentry", "pk": 17, "fields": {"action_time": "2016-05-11T18:04:48Z", "user": 1, "content_type": 5, "object_id": "2", "object_repr": "TE HUUR", "action_flag": 1, "change_message": "Added."}}, {"model": "admin.logentry", "pk": 18, "fields": {"action_time": "2016-05-11T18:04:54Z", "user": 1, "content_type": 3, "object_id": "2", "object_repr": "Huis", "action_flag": 1, "change_message": "Added."}}, {"model": "admin.logentry", "pk": 19, "fields": {"action_time": "2016-05-11T18:07:54Z", "user": 1, "content_type": 6, "object_id": "2", "object_repr": "Kerkhofstraat 17 Boom 2850<img src=\"media/3801_Normandy.png\"/>", "action_flag": 1, "change_message": "Added. Added image \"/media_cdn/media/2d52_LAsCJPQ.jpg\". Added image \"/media_cdn/media/386d_nvk6iJ5.jpg\". Added image \"/media_cdn/media/3406_EyC0Rut.jpg\". Added pand criteria \"Slaapkamers 5\". Added pand criteria \"Verdieping 2\". Added pand criteria \"Badkamers 2\". Added pand criteria \"Garages 2\". Added pand criteria \"Buitenstaanplaats 4\". Added pand eigenschap \"Kerkhofstraat 17 Boom 2850<img src=\"media/3801_Normandy.png\"/> Bewoonbare opp\". Added pand eigenschap \"Kerkhofstraat 17 Boom 2850<img src=\"media/3801_Normandy.png\"/> Grondopp\". Added pand eigenschap \"Kerkhofstraat 17 Boom 2850<img src=\"media/3801_Normandy.png\"/> Woongedeelte\". Added pand verbruiks type \"Kerkhofstraat 17 Boom 2850<img src=\"media/3801_Normandy.png\"/> met energievorm Elektrisch accumulatieverwarming\". Added pand wettelijk \"Kerkhofstraat 17 Boom 2850<img src=\"media/3801_Normandy.png\"/> Unieke code 2016-05-11\". Added pand review \"Kerkhofstraat 17 Boom 2850<img src=\"media/3801_Normandy.png\"/> Dit is een prachtig pand! Voor nieuwe gezinnen is dit zeker aan te raden, ben zelf een kijkje gaan nemen en moet zeggen dat het de moeite waard was! |review door: Amara Kromah\"."}}, {"model": "admin.logentry", "pk": 20, "fields": {"action_time": "2016-05-11T18:11:01Z", "user": 1, "content_type": 3, "object_id": "3", "object_repr": "APPARTEMENT", "action_flag": 1, "change_message": "Added."}}, {"model": "admin.logentry", "pk": 21, "fields": {"action_time": "2016-05-11T18:12:02Z", "user": 1, "content_type": 6, "object_id": "3", "object_repr": "Kerklaan 25 Boom 2850<img src=\"media/home_G37sA1l.jpg\"/>", "action_flag": 1, "change_message": "Added. Added image \"/media_cdn/media/386d_o0xmOl5.jpg\". Added image \"/media_cdn/media/2d52_X1JUcHh.jpg\". Added pand criteria \"Verdieping 3\". Added pand criteria \"Slaapkamers 5\". Added pand criteria \"Badkamers 1\". Added pand eigenschap \"Kerklaan 25 Boom 2850<img src=\"media/home_G37sA1l.jpg\"/> Bewoonbare opp\". Added pand eigenschap \"Kerklaan 25 Boom 2850<img src=\"media/home_G37sA1l.jpg\"/> Grondopp\". Added pand eigenschap \"Kerklaan 25 Boom 2850<img src=\"media/home_G37sA1l.jpg\"/> Woongedeelte\". Added pand verbruiks type \"Kerklaan 25 Boom 2850<img src=\"media/home_G37sA1l.jpg\"/> met energievorm Elektrisch accumulatieverwarming\". Added pand wettelijk \"Kerklaan 25 Boom 2850<img src=\"media/home_G37sA1l.jpg\"/> Unieke code 2017-01-19\". Added pand review \"Kerklaan 25 Boom 2850<img src=\"media/home_G37sA1l.jpg\"/> Dit is een prachtig pand! Voor nieuwe gezinnen is dit zeker aan te raden, ben zelf een kijkje gaan nemen en moet zeggen dat het de moeite waard was! |review door: Amara Kromah\"."}}, {"model": "admin.logentry", "pk": 22, "fields": {"action_time": "2016-05-11T18:12:33Z", "user": 1, "content_type": 3, "object_id": "3", "object_repr": "Appartement", "action_flag": 2, "change_message": "Changed naam."}}, {"model": "admin.logentry", "pk": 23, "fields": {"action_time": "2016-05-11T18:13:56Z", "user": 1, "content_type": 6, "object_id": "4", "object_repr": "Van Lerieuslaan 255 Antwerpen 2850<img src=\"media/03bb_sGLLCnn.jpg\"/>", "action_flag": 1, "change_message": "Added. Added image \"/media_cdn/media/386d_IOTT6ya.jpg\". Added pand criteria \"Verdieping 2\". Added pand criteria \"Slaapkamers 10\". Added pand criteria \"Badkamers 2\". Added pand eigenschap \"Van Lerieuslaan 255 Antwerpen 2850<img src=\"media/03bb_sGLLCnn.jpg\"/> Bewoonbare opp\". Added pand eigenschap \"Van Lerieuslaan 255 Antwerpen 2850<img src=\"media/03bb_sGLLCnn.jpg\"/> Grondopp\". Added pand eigenschap \"Van Lerieuslaan 255 Antwerpen 2850<img src=\"media/03bb_sGLLCnn.jpg\"/> Woongedeelte\". Added pand verbruiks type \"Van Lerieuslaan 255 Antwerpen 2850<img src=\"media/03bb_sGLLCnn.jpg\"/> met energievorm Elektrisch accumulatieverwarming\". Added pand wettelijk \"Van Lerieuslaan 255 Antwerpen 2850<img src=\"media/03bb_sGLLCnn.jpg\"/> Unieke code 2017-10-20\". Added pand review \"Van Lerieuslaan 255 Antwerpen 2850<img src=\"media/03bb_sGLLCnn.jpg\"/> Dit is een prachtig pand! Voor nieuwe gezinnen is dit zeker aan te raden, ben zelf een kijkje gaan nemen en moet zeggen dat het de moeite waard was! |review door: Amara Kromah\"."}}, {"model": "admin.logentry", "pk": 24, "fields": {"action_time": "2016-05-15T10:11:19Z", "user": 1, "content_type": 11, "object_id": "12", "object_repr": "Van Lerieuslaan 255 Antwerpen 2850<img src=\"media/03bb_sGLLCnn.jpg\"/> Woongedeelte", "action_flag": 2, "change_message": "Changed oppervlakte."}}, {"model": "admin.logentry", "pk": 25, "fields": {"action_time": "2016-05-15T10:23:29Z", "user": 1, "content_type": 18, "object_id": "1", "object_repr": "Chkhachkhi Sami", "action_flag": 1, "change_message": "Added."}}, {"model": "admin.logentry", "pk": 26, "fields": {"action_time": "2016-05-15T10:23:33Z", "user": 1, "content_type": 19, "object_id": "1", "object_repr": "Chkhachkhi Sami Jan Baptist Davidstraat 2 Boom 2850<img src=\"media/197c.jpg\"/> 2016-05-15", "action_flag": 1, "change_message": "Added."}}, {"model": "admin.logentry", "pk": 27, "fields": {"action_time": "2016-05-15T10:23:50Z", "user": 1, "content_type": 19, "object_id": "2", "object_repr": "Chkhachkhi Sami Jan Baptist Davidstraat 2 Boom 2850<img src=\"media/197c.jpg\"/> 2016-05-16", "action_flag": 1, "change_message": "Added."}}, {"model": "admin.logentry", "pk": 28, "fields": {"action_time": "2016-05-16T06:46:06Z", "user": 1, "content_type": 1, "object_id": "5", "object_repr": "Jan Baptist Davidstraat 2 Boom 2850<img src=\"media/197c.jpg\"/>", "action_flag": 1, "change_message": "Added."}}, {"model": "admin.logentry", "pk": 29, "fields": {"action_time": "2016-05-16T09:00:54Z", "user": 1, "content_type": 1, "object_id": "5", "object_repr": "Jan Baptist Davidstraat 2 Boom 2850", "action_flag": 3, "change_message": ""}}, {"model": "admin.logentry", "pk": 30, "fields": {"action_time": "2016-05-16T22:44:42Z", "user": 1, "content_type": 28, "object_id": "12", "object_repr": "Kerkhofstraat 17 Boom 2850 admin", "action_flag": 3, "change_message": ""}}, {"model": "admin.logentry", "pk": 31, "fields": {"action_time": "2016-05-16T22:44:42Z", "user": 1, "content_type": 28, "object_id": "11", "object_repr": "Jan Baptist Davidstraat 2 Boom 2850 admin", "action_flag": 3, "change_message": ""}}, {"model": "admin.logentry", "pk": 32, "fields": {"action_time": "2016-05-16T22:44:42Z", "user": 1, "content_type": 28, "object_id": "10", "object_repr": "Jan Baptist Davidstraat 2 Boom 2850 admin", "action_flag": 3, "change_message": ""}}, {"model": "admin.logentry", "pk": 33, "fields": {"action_time": "2016-05-16T22:44:42Z", "user": 1, "content_type": 28, "object_id": "9", "object_repr": "Jan Baptist Davidstraat 2 Boom 2850 admin", "action_flag": 3, "change_message": ""}}, {"model": "admin.logentry", "pk": 34, "fields": {"action_time": "2016-05-16T22:44:42Z", "user": 1, "content_type": 28, "object_id": "8", "object_repr": "Jan Baptist Davidstraat 2 Boom 2850 admin", "action_flag": 3, "change_message": ""}}, {"model": "admin.logentry", "pk": 35, "fields": {"action_time": "2016-05-16T22:44:42Z", "user": 1, "content_type": 28, "object_id": "7", "object_repr": "Jan Baptist Davidstraat 2 Boom 2850 admin", "action_flag": 3, "change_message": ""}}, {"model": "admin.logentry", "pk": 36, "fields": {"action_time": "2016-05-16T22:44:42Z", "user": 1, "content_type": 28, "object_id": "6", "object_repr": "Jan Baptist Davidstraat 2 Boom 2850 admin", "action_flag": 3, "change_message": ""}}, {"model": "admin.logentry", "pk": 37, "fields": {"action_time": "2016-05-16T22:44:42Z", "user": 1, "content_type": 28, "object_id": "5", "object_repr": "Jan Baptist Davidstraat 2 Boom 2850 admin", "action_flag": 3, "change_message": ""}}, {"model": "admin.logentry", "pk": 38, "fields": {"action_time": "2016-05-16T22:44:43Z", "user": 1, "content_type": 28, "object_id": "4", "object_repr": "Jan Baptist Davidstraat 2 Boom 2850 admin", "action_flag": 3, "change_message": ""}}, {"model": "admin.logentry", "pk": 39, "fields": {"action_time": "2016-05-16T22:44:43Z", "user": 1, "content_type": 28, "object_id": "3", "object_repr": "Jan Baptist Davidstraat 2 Boom 2850 admin", "action_flag": 3, "change_message": ""}}, {"model": "admin.logentry", "pk": 40, "fields": {"action_time": "2016-05-16T22:44:43Z", "user": 1, "content_type": 28, "object_id": "2", "object_repr": "Jan Baptist Davidstraat 2 Boom 2850 admin", "action_flag": 3, "change_message": ""}}, {"model": "admin.logentry", "pk": 41, "fields": {"action_time": "2016-05-16T22:44:43Z", "user": 1, "content_type": 28, "object_id": "1", "object_repr": "Jan Baptist Davidstraat 2 Boom 2850 admin", "action_flag": 3, "change_message": ""}}, {"model": "master.pand", "pk": 1, "fields": {"user": 1, "type": 1, "fase": 1, "status": 1, "straat_naam": "Jan Baptist Davidstraat", "huis_nummer": 2, "stad": "Boom", "postcode": 2850, "prijs": 210705, "beschrijving": "\"Residentie De Paterskerk\" werd omgevormd tot 19 kerklofts. 14 lofts gelegen in de voormalige kerk en klooster, zijn toegankelijk via de nieuwe hoofdingang, gelegen in de Jan Baptist Davidstraat. De overige 5 lofts op het gelijkvloers in de voormalige kerk hebben elk een aparte ingang gekregen. De verschillende lofts, waarvan 13 in duplex-vorm, zijn voorzien met 1 tot 3 slaapkamers en hebben elk een afzonderlijk terras. Elke wooneenheid heeft tevens de mogelijkheid een autostaanplaats achter de kerk aan te schaffen, te midden in de rust en het groen,... Ideaal gelegen voor jonge gezinnen, met verschillende scholen in de buurt, doch ook dichtbij het park en met een goede bereikbaarheid van het openbaar vervoer en de auto via de A12.", "hits": 0, "profiel_foto": "media/197c.jpg"}}, {"model": "master.pand", "pk": 2, "fields": {"user": 1, "type": 2, "fase": 1, "status": 2, "straat_naam": "Kerkhofstraat", "huis_nummer": 17, "stad": "Boom", "postcode": 2850, "prijs": 122000, "beschrijving": "Zeer grondig te renoveren rijwoning met een bewoonbare opp. van 148m\u00b2 met 3 slpks. Deze woning zonder tuin of koer bestaat uit een inkomhal, een woonkamer en achteraan een keuken en een badkamer. Op de 1ste verdieping zijn 3 slaapkamers. Het zolderverdiep kan eventueel nog ingericht worden als slaapkamers. Het dak alsook de dakramen zin pas vernieuwd. Er is momenteel geen verwarming aanwezig en dient mee opgenomen te worden in de renovatie. Het pand is onbewoonbaar verklaard en moet verplicht gerenoveerd worden. Voor heel ons aanbod of een gratis schatting ga naar", "hits": 0, "profiel_foto": "media/3801_Normandy.png"}}, {"model": "master.pand", "pk": 3, "fields": {"user": 1, "type": 3, "fase": 1, "status": 2, "straat_naam": "Kerklaan", "huis_nummer": 25, "stad": "Boom", "postcode": 2850, "prijs": 185511, "beschrijving": "Zeer grondig te renoveren rijwoning met een bewoonbare opp. van 148m\u00b2 met 3 slpks. Deze woning zonder tuin of koer bestaat uit een inkomhal, een woonkamer en achteraan een keuken en een badkamer. Op de 1ste verdieping zijn 3 slaapkamers. Het zolderverdiep kan eventueel nog ingericht worden als slaapkamers. Het dak alsook de dakramen zin pas vernieuwd. Er is momenteel geen verwarming aanwezig en dient mee opgenomen te worden in de renovatie. Het pand is onbewoonbaar verklaard en moet verplicht gerenoveerd worden. Voor heel ons aanbod of een gratis schatting ga naar", "hits": 0, "profiel_foto": "media/home_G37sA1l.jpg"}}, {"model": "master.pand", "pk": 4, "fields": {"user": 1, "type": 3, "fase": 1, "status": 1, "straat_naam": "Van Lerieuslaan", "huis_nummer": 255, "stad": "Antwerpen", "postcode": 2850, "prijs": 211000, "beschrijving": "Zeer grondig te renoveren rijwoning met een bewoonbare opp. van 148m\u00b2 met 3 slpks. Deze woning zonder tuin of koer bestaat uit een inkomhal, een woonkamer en achteraan een keuken en een badkamer. Op de 1ste verdieping zijn 3 slaapkamers. Het zolderverdiep kan eventueel nog ingericht worden als slaapkamers. Het dak alsook de dakramen zin pas vernieuwd. Er is momenteel geen verwarming aanwezig en dient mee opgenomen te worden in de renovatie. Het pand is onbewoonbaar verklaard en moet verplicht gerenoveerd worden. Voor heel ons aanbod of een gratis schatting ga naar", "hits": 0, "profiel_foto": "media/03bb_sGLLCnn.jpg"}}]